student_id,school,gender,family_income,study_hours_week,sleep_hours,attendance_rate,part_time_job,exam_score
S0001,C,F,high,25.1,8.5,0.867,0,97.0
S0002,B,M,high,6.1,8.0,0.796,0,85.5
S0003,C,F,mid,12.8,5.5,0.901,0,89.1
S0004,C,F,low,13.1,7.6,0.898,0,100.0
S0005,B,M,low,10.1,8.2,0.835,1,76.8
S0006,C,M,low,8.0,7.7,0.85,1,74.7
S0007,C,M,mid,14.2,8.3,0.839,0,97.2
S0008,A,M,mid,14.5,6.6,0.925,0,93.3
S0009,A,F,high,16.6,6.2,0.927,0,94.8
S0010,A,M,low,2.6,8.2,0.9,1,81.9
S0011,A,F,high,16.3,6.0,0.835,0,100.0
S0012,C,F,Mid,10.2,4.8,0.809,0,84.5
S0013,C,F,high,14.3,8.3,0.703,0,92.9
S0014,A,F,mid,15.6,6.4,0.808,0,77.8
S0015,B,F,low,15.2,6.9,0.889,1,92.9
S0016,C,F,high,21.5,5.7,0.907,0,100.0
S0017,A,F,low,9.5,5.7,0.797,1,79.5
S0018,C,F,low,16.6,5.9,0.846,0,100.0
S0019,A,F,high,22.9,6.8,0.907,0,98.9
S0020,B,M,mid,20.2,7.6,0.768,0,100.0
S0021,C,F,low,18.9,4.7,0.979,1,95.9
S0022,A,M,low,11.3,8.0,0.782,0,83.4
S0023,B,F,high,16.1,5.9,0.921,0,87.6
S0024,A,F,low,16.1,6.0,0.693,0,77.3
S0025,C,M,mid,7.7,7.9,0.821,0,78.2
S0026,A,M,low,13.0,7.1,0.826,1,91.0
S0027,C,F,high,14.3,5.5,0.899,1,98.0
S0028,B,M,low,10.2,9.2,0.775,0,100.0
S0029,B,M,mid,5.8,6.3,0.816,0,80.4
S0030,B,F,low,7.5,7.5,0.816,1,81.8
S0031,B,F,mid,14.4,7.4,0.901,0,86.0
S0032,B,M,high,21.4,8.8,0.577,1,100.0
S0033,B,F,low,17.0,6.7,0.813,0,96.7
S0034,C,M,low,11.6,8.3,0.945,1,90.8
S0035,C,F,high,16.1,6.4,0.516,1,94.2
S0036,C,F,mid,10.3,8.4,0.943,0,100.0
S0037,C,M,mid,16.5,6.4,0.813,0,81.5
S0038,B,F,mid,13.3,6.8,0.817,0,97.1
S0039,B,F,Mid,17.5,9.3,0.974,1,97.7
S0040,C,M,high,25.8,7.5,0.689,0,99.5
S0041,B,M,low,11.8,7.3,0.964,0,90.0
S0042,A,M,high,9.5,9.7,0.755,0,100.0
S0043,C,F,mid,-1.0,7.6,0.897,0,100.0
S0044,A,F,mid,7.2,6.3,0.748,1,93.8
S0045,C,F,medium,8.5,8.0,0.875,0,85.0
S0046,B,M,mid,21.0,5.9,0.914,0,90.3
S0047,A,M,mid,15.6,8.4,,0,100.0
S0048,A,M,mid,6.9,8.5,0.889,0,78.5
S0049,B,F,low,15.3,6.6,0.854,0,86.9
S0050,A,M,high,23.3,6.5,0.932,0,84.1
S0051,A,F,medium,12.7,7.4,0.827,0,100.0
S0052,B,F,low,8.6,7.2,0.842,0,96.3
S0053,C,F,mid,12.8,6.1,0.804,0,96.5
S0054,B,F,low,13.4,7.8,0.947,1,94.5
S0055,C,M,mid,17.7,5.0,0.952,1,89.5
S0056,C,M,high,22.9,6.7,0.682,0,95.9
S0057,C,F,Mid,20.6,6.8,0.782,0,100.0
S0058,B,F,low,17.9,6.9,0.697,0,87.3
S0059,B,F,mid,21.3,7.5,0.84,0,100.0
S0060,B,F,low,15.3,5.8,0.887,0,87.5
S0061,A,M,low,4.3,7.8,0.805,0,74.8
S0062,B,M,low,11.3,7.0,0.888,1,98.4
S0063,B,M,low,13.6,6.5,0.967,0,91.7
S0064,A,F,low,10.1,5.7,0.613,0,86.7
S0065,C,M,mid,19.1,5.9,0.921,0,95.2
S0066,A,M,low,10.2,,0.891,0,73.3
S0067,A,M,mid,9.9,6.1,0.82,1,87.7
S0068,A,F,high,24.2,7.3,0.552,0,84.4
S0069,C,F,low,15.3,8.4,0.936,0,100.0
S0070,C,M,mid,15.6,8.3,0.856,0,88.1
S0071,C,M,mid,19.1,8.9,0.968,0,89.6
S0072,A,F,low,17.3,6.9,0.937,0,98.6
S0073,C,M,low,13.7,,0.986,0,99.5
S0074,B,M,high,4.7,8.3,0.722,0,82.6
S0075,B,F,mid,11.1,7.5,0.944,1,80.2
S0076,A,F,high,14.7,8.4,0.942,0,100.0
S0077,B,F,low,7.1,7.2,0.914,1,72.1
S0078,C,F,mid,15.5,8.5,0.958,1,95.3
S0079,B,F,high,23.0,8.1,0.744,1,90.0
S0080,A,F,high,14.6,8.0,0.626,0,89.3
S0081,B,F,low,6.3,7.8,0.813,0,92.3
S0082,A,F,mid,24.6,7.6,0.82,0,95.3
S0083,C,F,mid,12.2,7.5,0.876,0,100.0
S0084,C,F,high,10.8,7.4,0.934,0,100.0
S0085,A,F,low,13.2,8.3,0.948,0,82.4
S0086,B,M,low,14.1,6.6,0.781,0,81.6
S0087,C,F,high,13.5,,0.903,1,93.5
S0088,C,F,mid,18.5,7.1,0.988,0,97.4
S0089,C,M,Mid,12.1,8.3,0.962,0,100.0
S0090,B,F,high,12.4,,0.843,1,73.1
S0091,A,M,medium,15.4,6.9,0.882,0,99.9
S0092,C,M,low,15.9,9.4,0.908,1,100.0
S0093,B,F,mid,11.3,6.9,0.851,0,88.7
S0094,A,M,low,13.7,5.8,0.859,0,78.5
S0095,A,F,low,11.5,6.4,0.883,0,89.7
S0096,B,M,mid,28.6,6.9,0.956,1,94.8
S0097,C,M,high,13.5,9.6,0.926,0,100.0
S0098,B,F,mid,21.4,7.4,0.854,0,98.0
S0099,B,F,mid,14.2,8.2,0.638,0,98.1
S0100,C,F,Mid,13.9,6.1,0.812,0,90.4
S0101,C,M,mid,18.1,7.6,0.852,0,100.0
S0102,B,F,high,21.5,7.9,0.97,1,80.3
S0103,B,M,mid,20.8,9.2,0.966,0,93.4
S0104,B,F,high,18.6,6.4,0.971,0,100.0
S0105,A,F,mid,11.5,7.9,0.926,0,81.8
S0106,A,F,low,9.3,7.5,0.73,0,93.7
S0107,B,M,mid,17.0,6.1,0.907,0,83.8
S0108,B,M,mid,17.4,7.2,0.722,1,91.5
S0109,B,M,low,19.0,6.9,0.961,1,87.3
S0110,A,F,mid,16.6,4.6,0.878,1,82.7
S0111,A,F,high,22.3,7.9,0.879,0,100.0
S0112,A,F,low,19.6,7.8,0.974,0,99.5
S0113,B,M,mid,15.3,6.7,0.923,0,91.1
S0114,C,M,mid,7.1,5.7,0.954,0,100.0
S0115,B,M,Mid,8.6,8.8,0.836,1,86.8
S0116,B,F,low,4.8,7.5,0.805,0,74.2
S0117,B,M,mid,22.5,8.3,0.607,0,100.0
S0118,C,F,mid,10.3,8.8,0.914,0,100.0
S0119,B,F,mid,20.7,6.6,0.791,0,100.0
S0120,B,M,mid,17.4,8.1,0.814,0,100.0
S0121,B,M,low,20.6,6.9,0.92,0,90.5
S0122,B,F,high,22.0,7.1,0.855,0,100.0
S0123,B,F,high,16.5,7.1,0.664,0,100.0
S0124,B,M,low,11.0,7.2,0.961,0,absent
S0125,B,M,low,12.4,8.4,0.661,1,90.0
S0126,C,F,low,12.9,7.3,0.83,0,72.3
S0127,C,M,high,14.3,7.0,0.854,0,92.6
S0128,A,M,high,16.8,6.9,0.943,0,100.0
S0129,B,M,low,20.0,7.6,0.506,0,78.8
S0130,B,M,mid,6.0,6.2,0.609,0,73.7
S0131,B,F,low,13.3,6.6,0.941,0,95.0
S0132,A,M,Mid,10.0,7.1,0.656,1,88.0
S0133,A,M,high,17.9,6.6,0.966,0,100.0
S0134,B,F,low,16.2,7.1,0.886,0,81.0
S0135,C,M,low,11.7,6.5,0.915,0,94.9
S0136,A,M,mid,18.4,9.4,0.84,0,100.0
S0137,B,F,mid,6.6,8.7,0.953,1,75.0
S0138,C,M,mid,20.0,7.7,0.768,0,100.0
S0139,C,F,mid,11.5,7.1,0.862,0,absent
S0140,A,F,low,15.1,9.6,0.949,0,100.0
S0141,A,F,mid,15.4,,0.742,0,97.9
S0142,C,F,high,4.1,7.1,0.99,0,65.2
S0143,A,F,high,13.2,7.5,0.9,0,93.1
S0144,A,F,low,13.1,7.5,0.983,0,98.4
S0145,B,M,high,24.8,8.8,0.726,0,97.4
S0146,C,M,mid,15.9,7.2,0.885,0,98.6
S0147,A,M,high,18.3,9.5,0.718,1,100.0
S0148,B,M,low,4.9,6.2,0.812,1,74.4
S0149,B,F,high,24.2,8.0,,0,88.6
S0150,A,F,low,21.0,6.1,0.843,0,96.9
S0151,C,M,mid,14.6,9.2,0.662,0,94.4
S0152,C,M,mid,13.4,6.8,0.783,0,92.4
S0153,B,M,Mid,6.4,7.1,0.961,0,85.6
S0154,C,F,low,16.4,8.2,0.596,0,100.0
S0155,B,M,low,25.5,8.6,0.667,1,98.2
S0156,C,M,low,15.6,6.0,0.907,0,86.6
S0157,C,F,low,18.3,6.8,0.742,0,96.7
S0158,B,F,low,-1.0,5.7,0.858,0,93.9
S0159,A,M,low,7.1,7.4,0.665,1,76.7
S0160,A,M,mid,21.2,7.1,0.906,0,100.0
S0161,B,M,mid,8.3,6.8,0.835,1,89.6
S0162,A,F,mid,13.4,,0.783,0,82.0
S0163,C,M,low,13.4,6.8,0.832,0,98.0
S0164,C,F,low,16.4,6.4,0.914,1,100.0
S0165,A,F,mid,16.6,7.8,0.854,0,100.0
S0166,B,M,high,18.9,8.9,0.825,0,97.8
S0167,A,M,low,8.2,5.1,0.86,0,89.4
S0168,A,F,mid,8.1,7.1,0.928,0,82.6
S0169,B,M,high,17.3,6.7,0.923,1,81.0
S0170,C,F,mid,10.9,7.7,,0,94.8
S0171,C,M,high,10.5,6.2,0.923,0,94.5
S0172,B,F,high,10.7,7.0,0.849,0,93.9
S0173,B,M,mid,12.0,6.1,0.781,0,87.5
S0174,B,M,Mid,5.2,8.0,0.908,0,88.1
S0175,A,F,low,5.3,7.3,0.759,1,74.6
S0176,B,M,low,3.8,7.0,0.876,0,83.4
S0177,C,M,mid,15.4,,0.939,0,100.0
S0178,B,M,mid,16.5,6.9,0.804,0,93.3
S0179,A,M,high,27.0,,0.754,1,98.6
S0180,A,M,low,4.5,7.9,0.882,0,69.2
S0181,C,M,mid,11.1,7.5,0.823,0,88.8
S0182,A,M,mid,19.1,7.0,0.904,0,100.0
S0183,C,F,low,10.9,8.3,0.677,0,100.0
S0184,C,M,high,15.4,8.5,0.845,0,100.0
S0185,B,M,mid,23.0,6.0,0.804,0,94.4
S0186,B,M,low,10.3,6.3,0.837,1,74.4
S0187,C,M,high,11.2,,0.912,0,100.0
S0188,B,M,low,5.4,8.8,0.681,1,85.7
S0189,B,F,low,13.7,6.4,0.942,0,80.5
S0190,A,F,mid,16.0,5.9,0.944,0,97.4
S0191,B,F,high,10.1,6.5,0.768,1,87.6
S0192,C,F,low,7.1,6.7,0.918,0,93.0
S0193,A,F,high,19.7,5.5,0.883,0,84.2
S0194,A,M,mid,17.4,7.2,0.946,0,100.0
S0195,C,M,low,8.8,5.8,0.88,1,74.1
S0196,B,F,medium,17.6,5.9,0.95,0,100.0
S0197,C,F,mid,17.4,8.2,0.82,0,100.0
S0198,A,M,mid,5.6,6.4,0.879,0,72.6
S0199,C,M,mid,12.9,7.1,,1,100.0
S0200,A,M,mid,16.6,7.9,0.878,0,100.0
S0201,B,M,high,14.1,8.1,0.903,0,91.0
S0202,C,F,low,1.3,6.8,0.779,0,90.4
S0203,A,M,high,15.6,7.2,0.804,0,85.9
S0204,B,M,medium,18.3,6.3,,0,90.6
S0205,C,M,high,24.9,9.1,0.973,0,100.0
S0206,B,F,high,6.0,7.9,0.635,1,61.6
S0207,A,F,high,30.0,6.0,,0,100.0
S0208,B,M,low,6.4,7.2,0.701,1,79.0
S0209,B,F,mid,19.3,8.0,0.781,1,94.7
S0210,C,F,high,23.2,7.7,0.826,0,95.3
S0211,C,F,high,21.9,9.2,0.939,0,100.0
S0212,B,M,mid,15.2,8.7,0.876,0,87.7
S0213,A,F,high,11.2,6.6,0.721,0,79.6
S0214,B,M,medium,17.6,7.1,0.805,0,91.3
S0215,A,F,mid,10.9,5.8,0.975,0,79.0
S0216,C,M,high,4.4,7.5,0.98,0,100.0
S0217,C,F,mid,28.6,7.4,0.847,0,95.2
S0218,B,F,Mid,18.0,10.0,0.596,0,88.3
S0219,C,M,mid,23.6,7.3,0.884,0,100.0
S0220,B,M,mid,9.9,4.9,0.801,0,83.0
S0221,B,F,low,19.3,6.5,0.785,0,100.0
S0222,C,M,low,19.9,7.3,0.68,1,100.0
S0223,C,M,high,24.8,5.8,0.627,1,91.5
S0224,C,M,mid,14.4,6.2,0.659,0,89.2
S0225,C,M,mid,8.5,6.8,0.861,1,88.2
S0226,A,M,high,16.1,7.6,0.817,0,100.0
S0227,B,F,low,1.0,7.0,0.875,0,74.5
S0228,C,F,low,3.5,,0.885,1,73.7
S0229,A,F,low,12.5,8.1,0.674,0,74.8
S0230,A,F,mid,9.5,6.6,0.965,0,100.0
S0231,B,F,high,16.2,6.7,0.909,1,99.0
S0232,C,M,mid,14.0,5.7,0.85,0,95.5
S0233,C,F,mid,24.2,6.3,0.851,0,100.0
S0234,C,M,mid,21.0,7.9,0.899,1,97.2
S0235,B,M,low,11.8,5.4,0.847,0,78.8
S0236,A,F,low,18.0,7.1,0.862,0,93.4
S0237,C,F,mid,10.6,8.0,0.94,1,92.7
S0238,B,M,high,15.3,6.8,0.959,0,89.8
S0239,C,F,low,16.6,7.5,0.692,0,85.8
S0240,C,F,mid,8.3,6.0,0.856,1,83.0
S0241,C,F,low,10.6,8.6,0.936,0,100.0
S0242,A,M,medium,7.9,8.4,0.756,0,83.6
S0243,C,M,mid,15.1,7.5,0.728,1,94.1
S0244,B,M,low,20.2,5.3,0.788,0,75.1
S0245,B,F,mid,10.7,6.0,0.747,1,81.2
S0246,C,F,mid,15.6,8.3,0.963,1,98.2
S0247,C,M,mid,10.0,9.1,0.867,0,86.0
S0248,B,M,low,6.3,7.5,0.941,1,69.9
S0249,A,M,mid,8.3,8.6,0.805,1,89.2
S0250,C,F,low,19.3,6.5,0.948,1,91.2
S0251,A,M,high,28.8,7.0,0.817,0,100.0
S0252,A,M,low,14.4,7.2,0.947,1,88.7
S0253,A,M,low,8.4,7.7,0.85,0,93.8
S0254,A,F,low,15.5,5.5,0.948,0,89.0
S0255,C,F,high,15.3,8.2,0.963,0,89.9
S0256,B,F,low,16.0,8.7,0.864,0,96.3
S0257,A,F,mid,16.0,5.9,0.644,0,85.8
S0258,A,M,high,18.4,5.7,0.9,0,98.6
S0259,B,M,high,20.0,7.6,0.844,0,94.6
S0260,B,M,low,9.1,6.5,0.63,0,80.3
S0261,A,M,mid,12.5,4.6,0.876,0,92.7
S0262,C,M,mid,5.9,8.1,0.57,0,95.0
S0263,C,M,mid,12.3,7.4,0.603,0,98.6
S0264,B,F,mid,7.4,6.7,0.523,0,88.4
S0265,C,M,mid,13.8,9.5,0.758,0,100.0
S0266,B,M,low,7.2,7.4,0.91,1,90.5
S0267,A,F,low,12.5,6.4,0.967,0,98.7
S0268,A,M,mid,16.8,7.3,0.851,1,95.8
S0269,A,F,low,4.9,,0.896,0,80.4
S0270,C,M,low,7.9,6.4,0.907,0,90.9
S0271,A,M,Mid,9.8,7.6,0.96,0,100.0
S0272,B,F,low,15.7,6.6,0.816,1,89.6
S0273,A,M,low,20.5,6.7,0.735,0,92.7
S0274,C,F,high,21.3,9.0,0.72,0,99.1
S0275,A,F,medium,12.8,8.1,0.987,1,93.0
S0276,B,M,low,19.3,8.1,0.975,0,100.0
S0277,C,F,mid,6.9,7.8,0.789,0,81.1
S0278,B,M,low,19.5,7.7,0.935,1,80.7
S0279,C,M,low,8.7,8.8,0.784,0,95.4
S0280,C,F,high,3.1,7.2,0.884,1,66.3
S0281,C,M,high,30.0,9.2,0.88,1,100.0
S0282,C,M,mid,22.4,6.2,0.622,0,97.7
S0283,B,F,low,6.8,6.9,0.939,1,92.3
S0284,B,F,Mid,15.3,5.7,,0,100.0
S0285,C,F,low,10.9,6.8,0.935,0,97.8
S0286,B,F,low,12.5,7.8,0.466,0,83.2
S0287,C,F,low,4.6,8.8,0.968,1,76.8
S0288,C,M,low,8.6,6.5,0.849,0,83.7
S0289,B,M,mid,16.8,7.2,0.965,0,97.4
S0290,B,F,low,13.1,6.8,0.84,0,74.8
S0291,C,M,low,18.0,6.4,0.792,0,97.8
S0292,C,F,high,17.4,5.9,0.849,1,93.3
S0293,A,M,mid,26.2,7.3,0.701,1,100.0
S0294,A,M,mid,10.9,5.3,0.755,0,81.6
S0295,A,M,low,13.3,7.3,0.929,0,95.0
S0296,B,M,high,7.4,7.2,0.86,0,80.6
S0297,A,F,mid,8.2,6.5,0.888,0,82.5
S0298,B,M,mid,21.1,6.1,0.558,1,73.6
S0299,B,F,mid,9.8,5.7,0.895,0,87.1
S0300,C,M,low,14.7,9.3,0.822,1,100.0
S0301,C,F,low,11.7,5.7,0.899,1,90.6
S0302,A,F,medium,9.3,8.9,0.919,1,91.7
S0303,C,M,high,15.3,7.9,0.855,0,92.1
S0304,C,M,high,14.4,6.8,0.85,0,100.0
S0305,C,F,mid,12.1,5.9,0.967,0,88.0
S0306,C,M,Mid,18.3,8.3,0.798,0,100.0
S0307,A,F,low,15.3,9.1,0.834,0,96.8
S0308,C,M,high,14.1,6.2,0.886,0,87.6
S0309,A,M,low,7.5,6.9,0.767,1,89.5
S0310,B,M,low,13.4,8.4,0.712,0,92.8
S0311,C,F,mid,14.0,7.6,0.899,0,100.0
S0312,C,F,high,22.1,9.4,0.928,0,100.0
S0313,A,F,high,30.0,6.6,0.978,1,99.1
S0314,A,M,mid,18.7,7.8,,1,93.1
S0315,B,F,low,11.8,5.8,0.798,0,90.9
S0316,B,F,low,11.1,9.5,0.914,0,90.4
S0317,C,F,high,12.7,6.4,0.861,0,94.8
S0318,A,M,high,12.5,4.8,0.724,0,78.7
S0319,A,M,low,7.0,7.1,0.911,0,74.3
S0320,A,F,high,15.0,7.0,0.966,0,90.0
S0321,B,F,mid,12.4,9.3,0.817,0,89.4
S0322,A,F,medium,18.2,6.8,0.982,1,94.4
S0323,A,F,mid,12.5,7.2,0.896,0,100.0
S0324,C,M,low,11.0,7.9,0.637,0,79.5
S0325,C,M,mid,8.4,8.9,0.934,1,92.9
S0326,C,M,low,20.2,7.1,0.998,1,82.8
S0327,B,F,mid,17.0,8.3,0.776,0,88.0
S0328,A,F,mid,23.4,7.8,0.937,0,97.8
S0329,C,F,high,21.0,6.9,0.976,0,84.9
S0330,B,M,high,24.4,7.3,0.867,0,85.2
S0331,C,M,mid,13.3,7.2,0.71,0,95.8
S0332,B,F,low,15.6,,0.921,0,93.6
S0333,A,F,high,30.0,8.5,0.663,1,97.2
S0334,B,M,mid,8.4,5.7,0.947,0,78.8
S0335,B,F,low,17.9,8.5,0.684,1,100.0
S0336,B,M,low,20.5,8.2,0.874,0,98.6
S0337,B,M,high,19.1,7.1,0.936,1,87.9
S0338,A,F,mid,18.3,6.4,0.922,1,100.0
S0339,A,M,low,18.4,7.0,0.835,0,100.0
S0340,C,M,mid,11.1,7.7,0.887,1,90.6
S0341,C,M,medium,16.6,8.0,0.963,0,100.0
S0342,B,F,mid,10.1,7.5,0.828,1,88.3
S0343,A,M,high,13.5,8.3,0.881,0,100.0
S0344,B,F,high,13.8,6.6,0.642,1,87.4
S0345,B,M,low,11.3,7.5,0.916,0,84.2
S0346,B,M,low,12.7,5.5,0.846,0,95.6
S0347,A,F,mid,16.8,8.0,0.665,0,95.8
S0348,A,M,high,9.7,7.4,0.929,1,absent
S0349,C,F,mid,24.6,6.7,0.794,1,92.6
S0350,A,M,mid,20.4,8.5,0.732,1,100.0
S0351,C,M,mid,18.2,8.0,0.676,0,96.6
S0352,B,M,low,10.2,4.1,0.921,0,83.4
S0353,A,M,high,16.5,7.2,0.924,0,100.0
S0354,C,M,low,14.8,5.6,0.977,0,96.8
S0355,C,F,mid,16.6,8.4,0.784,0,88.0
S0356,C,M,low,3.4,9.9,0.917,1,87.6
S0357,C,F,mid,18.3,6.6,0.796,1,100.0
S0358,C,F,high,30.0,7.3,0.721,0,100.0
S0359,C,F,mid,5.0,6.9,0.809,0,98.0
S0360,A,F,low,17.1,7.6,0.938,0,100.0
S0361,C,F,medium,16.4,7.9,0.991,0,100.0
S0362,C,F,mid,13.9,8.6,0.971,0,100.0
S0363,C,M,low,19.0,6.1,0.671,0,93.0
S0364,C,F,low,5.9,8.9,0.756,1,99.5
S0365,C,F,low,12.8,6.2,0.838,0,100.0
S0366,C,F,Mid,22.0,7.5,0.982,0,100.0
S0367,C,M,mid,13.5,8.5,0.793,0,100.0
S0368,B,M,mid,12.4,8.0,0.886,0,100.0
S0369,C,M,low,12.6,6.2,0.935,1,84.7
S0370,C,F,mid,12.2,6.4,0.959,0,100.0
S0371,A,F,low,19.9,6.7,0.709,1,93.5
S0372,A,F,high,12.3,7.1,0.795,0,94.2
S0373,A,M,high,21.5,8.5,0.946,0,100.0
S0374,A,F,mid,8.1,5.8,0.902,0,95.3
S0375,B,F,mid,17.9,7.7,0.796,1,97.9
S0376,A,M,high,16.5,7.9,0.887,0,91.7
S0377,A,M,low,0.0,7.8,0.97,0,68.0
S0378,A,M,high,17.0,7.7,0.82,0,100.0
S0379,C,F,low,6.5,8.9,0.862,0,85.3
S0380,A,M,mid,12.2,7.7,0.97,0,91.4
S0381,C,M,mid,22.4,8.1,0.691,1,96.1
S0382,A,F,mid,8.8,7.8,0.841,1,81.6
S0383,C,F,high,11.6,9.2,0.926,0,100.0
S0384,B,F,low,19.4,5.1,0.713,0,97.8
S0385,A,F,high,17.6,8.6,0.93,0,100.0
S0386,A,M,mid,22.4,6.9,0.76,0,100.0
S0387,A,F,mid,16.2,6.9,0.93,0,100.0
S0388,B,F,mid,10.0,,0.645,1,89.9
S0389,A,M,low,11.7,5.1,0.835,0,96.5
S0390,A,M,low,18.3,6.8,0.947,0,93.7
S0391,A,F,medium,19.3,6.4,0.751,0,99.1
S0392,C,F,low,12.0,7.7,0.517,0,94.5
S0393,A,F,mid,14.8,5.6,0.94,1,87.1
S0394,A,M,high,16.4,8.8,0.868,0,93.7
S0395,B,F,high,14.0,7.5,0.707,0,87.8
S0396,A,F,high,26.9,6.9,0.768,0,absent
S0397,B,M,high,17.0,6.4,0.945,1,82.0
S0398,C,F,low,6.2,6.3,0.781,0,89.4
S0399,C,F,high,14.5,6.0,0.919,0,95.4
S0400,B,F,low,15.7,6.6,0.761,0,92.6
S0401,B,M,high,20.3,7.2,,1,94.9
S0402,C,F,high,16.3,7.0,0.873,0,100.0
S0403,B,F,mid,11.1,5.6,0.915,1,80.0
S0404,B,M,mid,14.6,6.9,0.636,1,85.9
S0405,A,F,low,3.4,6.2,0.753,0,61.7
S0406,B,M,mid,7.8,7.4,0.819,0,69.1
S0407,A,F,low,16.1,9.3,0.856,0,81.4
S0408,A,F,low,9.5,7.9,0.778,0,100.0
S0409,C,M,low,13.9,6.9,0.964,0,83.4
S0410,B,M,high,23.3,5.4,0.821,1,94.9
S0411,B,M,high,20.3,5.6,0.864,1,100.0
S0412,A,F,low,12.1,5.3,0.824,0,82.9
S0413,A,M,low,22.9,8.0,0.7,0,100.0
S0414,C,F,low,15.4,6.4,0.853,1,100.0
S0415,B,M,low,10.2,7.3,0.876,0,97.8
S0416,C,M,low,15.8,6.5,0.892,0,100.0
S0417,C,F,Mid,16.6,7.3,0.843,0,100.0
S0418,C,F,mid,10.1,8.7,0.754,1,85.4
S0419,A,M,medium,14.9,6.4,0.954,0,97.8
S0420,A,F,low,11.2,6.8,0.796,0,85.4
S0421,B,M,mid,4.4,6.3,0.762,0,67.0
S0422,B,M,low,11.1,8.2,0.788,1,78.6
S0423,C,M,mid,13.0,6.1,0.728,0,100.0
S0424,A,M,mid,12.2,6.0,0.764,0,83.1
S0425,A,M,high,8.5,5.7,0.962,0,85.5
S0426,A,F,low,10.2,5.7,0.884,0,81.1
S0427,A,F,mid,14.3,7.7,0.889,1,93.5
S0428,B,M,mid,15.0,10.0,0.823,0,93.8
S0429,A,M,high,11.2,6.1,0.456,0,absent
S0430,C,M,mid,17.8,8.2,0.968,0,94.1
S0431,A,F,Mid,8.3,7.5,0.566,0,72.7
S0432,A,F,high,15.8,6.0,0.974,0,87.6
S0433,B,F,mid,21.2,6.9,0.762,0,98.3
S0434,C,F,low,8.4,6.9,0.86,0,100.0
S0435,B,F,low,9.4,6.4,0.964,0,97.2
S0436,C,M,high,22.5,9.3,0.719,0,100.0
S0437,A,M,low,10.0,5.1,0.922,0,89.4
S0438,A,F,mid,13.0,7.6,0.771,0,91.7
S0439,C,F,high,18.1,7.6,0.628,0,87.3
S0440,C,M,low,17.4,6.6,0.855,0,98.3
S0441,C,F,low,0.7,7.4,0.979,0,56.3
S0442,C,F,low,7.7,8.2,0.856,0,90.6
S0443,B,F,low,6.8,7.4,0.916,0,100.0
S0444,A,M,mid,8.9,7.7,0.868,0,92.5
S0445,B,M,mid,10.1,8.0,0.925,1,98.8
S0446,B,F,mid,10.2,5.0,0.649,0,78.2
S0447,B,F,low,13.5,8.8,0.992,0,86.2
S0448,B,F,high,12.4,9.7,0.855,0,90.3
S0449,A,F,high,17.6,8.3,0.974,0,96.7
S0450,B,M,mid,16.6,8.3,0.939,1,100.0
S0451,C,M,low,8.3,5.7,0.886,0,100.0
S0452,A,M,mid,15.2,7.1,0.84,0,87.9
S0453,B,F,mid,22.9,6.3,0.93,0,95.1
S0454,B,F,mid,16.2,6.6,0.809,0,91.6
S0455,A,F,high,13.7,8.3,0.871,0,92.7
S0456,B,M,mid,14.2,6.3,0.679,0,78.8
S0457,C,F,Mid,9.8,7.1,0.78,0,92.8
S0458,C,F,low,13.4,5.1,0.916,0,95.6
S0459,C,M,mid,18.9,7.0,0.797,0,100.0
S0460,C,F,high,12.8,7.3,0.751,0,85.6
S0461,B,F,mid,13.4,6.4,0.987,0,92.2
S0462,A,F,low,17.7,6.4,0.906,0,81.0
S0463,A,F,high,14.5,9.3,0.858,0,100.0
S0464,C,F,medium,15.5,5.9,0.479,0,81.5
S0465,A,M,mid,9.3,6.0,0.91,0,84.7
S0466,C,F,mid,10.3,6.3,0.99,1,87.4
S0467,B,M,high,14.4,8.5,,1,90.2
S0468,C,M,low,22.9,9.5,0.807,1,92.9
S0469,A,F,mid,12.5,7.6,0.935,0,80.2
S0470,A,M,mid,11.9,6.4,0.917,0,100.0
S0471,B,M,mid,11.7,6.7,0.924,0,93.4
S0472,A,F,high,16.2,8.4,0.938,0,100.0
S0473,B,F,mid,17.8,6.2,0.92,1,100.0
S0474,B,F,medium,15.4,8.8,0.947,0,97.2
S0475,B,F,low,22.3,8.8,0.884,0,100.0
S0476,A,F,high,18.1,7.3,0.9,0,97.5
S0477,A,M,mid,21.7,7.9,0.944,0,100.0
S0478,B,M,mid,15.9,8.0,,0,100.0
S0479,B,F,mid,17.5,8.9,0.931,1,98.8
S0480,C,F,high,9.8,6.0,0.853,0,88.6
S0481,C,M,high,16.4,8.5,0.919,0,100.0
S0482,B,M,low,11.7,,0.907,0,100.0
S0483,A,F,high,15.8,6.4,0.791,0,75.2
S0484,A,M,mid,3.7,7.3,0.902,0,79.7
S0485,C,M,low,16.4,7.0,0.935,0,96.6
S0486,B,M,mid,99.0,,0.731,0,85.4
S0487,C,M,low,9.8,5.4,0.91,0,74.3
S0488,B,M,medium,13.2,6.2,0.874,0,96.5
S0489,B,F,low,10.9,8.8,0.815,0,85.4
S0490,A,M,mid,16.5,9.4,0.869,0,95.9
S0491,B,F,mid,8.1,7.9,0.99,0,87.4
S0492,B,F,mid,9.8,8.5,0.688,0,75.8
S0493,C,F,high,18.5,6.6,0.924,0,96.7
S0494,A,F,high,17.7,7.1,0.562,1,73.9
S0495,A,M,mid,12.6,7.5,0.925,0,86.7
S0496,B,F,mid,11.6,6.0,0.754,1,81.5
S0497,C,F,low,7.8,6.1,0.875,0,88.8
S0498,C,F,mid,14.2,7.3,0.96,1,97.0
S0499,B,F,high,22.9,6.8,0.609,0,93.5
S0500,B,F,low,6.7,6.0,0.971,0,100.0
S0501,A,F,high,24.6,7.6,0.726,1,99.6
S0502,B,F,mid,18.7,6.9,0.942,0,87.7
S0503,B,F,low,9.7,8.3,1.4,0,83.4
S0504,B,M,high,20.9,7.2,0.779,0,91.7
S0505,A,F,low,4.7,6.9,0.775,1,75.5
S0506,A,F,high,8.3,,0.71,0,81.2
S0507,C,M,low,5.6,7.0,0.954,0,81.8
S0508,A,F,low,10.0,6.5,0.993,1,100.0
S0509,A,F,high,15.4,6.8,0.762,0,92.5
S0510,A,F,medium,11.9,8.0,0.872,1,88.4
S0511,C,M,low,12.5,7.9,0.879,0,96.4
S0512,B,F,mid,3.8,8.6,0.803,0,79.5
S0513,B,M,low,14.5,5.3,0.598,1,absent
S0514,A,M,mid,7.4,6.8,0.908,1,87.2
S0515,B,F,medium,11.2,6.7,0.908,1,96.7
S0516,C,F,high,14.9,7.4,0.962,0,75.4
S0517,C,F,low,6.2,6.7,0.836,1,86.9
S0518,B,F,mid,7.6,6.6,0.87,0,94.3
S0519,C,F,high,12.0,8.1,0.821,0,100.0
S0520,A,F,mid,14.4,7.4,0.935,0,95.9
S0521,A,M,high,19.9,5.9,0.826,0,80.2
S0522,A,F,low,14.8,8.7,0.868,1,98.1
S0523,A,M,high,12.0,8.3,0.953,0,90.6
S0524,C,F,mid,10.5,6.6,0.886,1,76.0
S0525,C,F,high,12.4,8.1,0.778,0,92.1
S0526,A,F,high,19.2,6.4,0.927,1,100.0
S0527,B,F,high,6.8,8.4,0.971,1,96.1
S0528,A,F,low,18.2,7.0,0.694,0,99.3
S0529,C,F,mid,12.1,6.3,0.781,0,84.3
S0530,A,F,low,8.1,6.8,0.971,1,100.0
S0531,B,M,low,13.7,6.4,0.707,0,79.7
S0532,A,M,mid,19.7,7.4,0.763,1,93.0
S0533,C,M,mid,16.2,7.4,0.963,0,89.8
S0534,C,F,mid,19.8,7.2,0.925,0,100.0
S0535,C,F,high,17.7,6.6,0.492,0,96.8
S0536,A,M,low,18.1,4.0,0.918,0,96.6
S0537,C,F,low,18.2,7.3,0.793,0,100.0
S0538,A,F,mid,14.0,,0.99,0,89.9
S0539,C,M,high,24.2,7.5,0.725,0,100.0
S0540,C,F,Mid,15.3,8.4,0.761,0,84.1
S0541,B,F,mid,14.9,7.5,0.958,1,100.0
S0542,B,M,high,12.4,6.8,0.497,1,90.1
S0543,C,M,mid,13.1,7.0,0.99,0,95.3
S0544,A,F,low,15.9,7.1,0.95,0,96.0
S0545,A,M,low,5.4,6.6,0.87,0,84.6
S0546,B,M,mid,17.7,6.6,0.742,1,100.0
S0547,A,F,high,18.7,6.2,0.734,0,96.0
S0548,C,M,mid,15.9,8.5,0.695,0,99.0
S0549,C,M,low,1.0,7.2,0.624,0,65.7
S0550,B,M,mid,14.0,8.3,0.937,1,81.8
S0551,A,F,mid,17.7,6.9,0.937,1,89.1
S0552,C,F,Mid,10.7,7.3,0.783,1,91.3
S0553,B,F,mid,15.0,7.0,,0,92.8
S0554,A,M,high,5.1,7.7,0.953,0,86.2
S0555,B,M,mid,17.9,8.1,0.894,1,100.0
S0556,C,M,mid,11.2,7.5,0.852,0,99.3
S0557,A,F,mid,18.9,6.5,0.87,1,94.6
S0558,C,M,high,7.8,6.3,0.671,0,91.6
S0559,B,M,mid,18.0,9.0,0.924,1,98.0
S0560,C,F,mid,13.3,6.9,0.883,0,96.5
S0561,C,F,high,21.0,6.9,0.896,0,100.0
S0562,C,M,mid,9.9,8.8,0.5,1,73.7
S0563,B,F,high,13.9,8.4,0.688,0,100.0
S0564,B,M,low,23.2,7.8,0.978,0,92.4
S0565,C,F,low,7.9,6.8,0.89,0,97.5
S0566,A,F,high,13.5,9.8,0.786,0,94.3
S0567,A,F,low,10.6,7.6,0.835,0,100.0
S0568,B,F,high,11.9,7.8,0.806,0,92.9
S0569,C,F,mid,20.5,7.0,0.833,0,93.6
S0570,C,F,mid,23.1,5.6,0.954,0,100.0
S0571,C,M,low,8.5,5.7,0.921,0,91.0
S0572,A,M,high,8.4,7.6,0.965,0,91.8
S0573,A,M,low,99.0,7.6,0.714,0,96.1
S0574,A,M,high,22.5,6.9,0.953,1,100.0
S0575,C,M,high,21.1,5.9,0.73,0,100.0
S0576,B,M,mid,20.3,5.6,0.932,1,94.0
S0577,A,F,low,7.7,6.8,0.544,0,69.2
S0578,C,M,high,16.2,5.6,0.658,0,89.2
S0579,B,M,mid,7.6,8.2,0.749,0,88.3
S0580,C,M,low,4.9,8.5,0.868,0,100.0
S0581,B,M,mid,19.4,10.0,0.916,0,100.0
S0582,A,M,low,8.6,8.2,0.875,1,87.0
S0583,C,F,mid,25.9,6.5,0.962,0,100.0
S0584,A,M,mid,14.9,6.2,0.702,1,85.8
S0585,A,F,high,13.8,4.0,0.989,0,87.4
S0586,C,M,high,21.0,6.5,0.796,1,98.1
S0587,B,M,low,21.0,7.0,0.714,0,83.8
S0588,B,M,mid,16.9,8.3,0.953,1,100.0
S0589,A,M,Mid,8.4,,0.965,0,94.9
S0590,C,F,high,18.9,7.8,0.906,0,100.0
S0591,B,F,low,18.9,7.4,0.66,0,85.7
S0592,C,M,mid,12.0,7.9,0.881,0,100.0
S0593,B,F,high,13.1,8.8,0.767,0,100.0
S0594,C,F,mid,19.6,6.0,0.852,1,90.4
S0595,C,F,low,12.7,6.7,0.781,0,85.8
S0596,C,M,Mid,9.0,5.7,0.756,1,87.9
S0597,A,F,mid,12.6,9.0,0.606,0,78.1
S0598,C,M,high,13.2,8.6,0.909,0,82.2
S0599,B,M,low,13.5,8.0,0.989,0,93.8
S0600,B,F,low,12.5,5.9,0.901,0,84.4
S0131,B,F,low,13.3,6.6,0.941,0,95.0
S0427,A,F,mid,14.3,7.7,0.889,1,93.5
S0086,B,M,low,14.1,6.6,0.781,0,81.6
S0342,B,F,mid,10.1,7.5,0.828,1,88.3
S0260,B,M,low,9.1,6.5,0.63,0,80.3
S0225,C,M,mid,8.5,6.8,0.861,1,88.2
S0497,C,F,low,7.8,6.1,0.875,0,88.8
S0546,B,M,mid,17.7,6.6,0.742,1,100.0
